Username,Tiktok URL
creativelychioma,https://www.tiktok.com/@creativelychioma/
zeljohnmedia,https://www.tiktok.com/@zeljohnmedia/
ugcwithjemima,https://www.tiktok.com/@ugcwithjemima/
veemcklla,https://www.tiktok.com/@veemcklla/
ugcwjazzy,https://www.tiktok.com/@ugcwjazzy/
angela_nvlt,https://www.tiktok.com/@angela_nvlt/
brandaliexpress2,https://www.tiktok.com/@brandaliexpress2/
egypt.ugc.coach,https://www.tiktok.com/@egypt.ugc.coach/
kimdoing.ugc,https://www.tiktok.com/@kimdoing.ugc/
ugc_aidashak,https://www.tiktok.com/@ugc_aidashak/
juanashh_,https://www.tiktok.com/@juanashh_/
bang.visuals.ugc,https://www.tiktok.com/@bang.visuals.ugc/
ugc_megannn,https://www.tiktok.com/@ugc_megannn/
itslizabethmitchell,https://www.tiktok.com/@itslizabethmitchell/
hannah.ugc.creator,https://www.tiktok.com/@hannah.ugc.creator/
irisjordens.ugc,https://www.tiktok.com/@irisjordens.ugc/
alinesantanaugc,https://www.tiktok.com/@alinesantanaugc/
elnaranskin,https://www.tiktok.com/@elnaranskin/
serenas.ugc,https://www.tiktok.com/@serenas.ugc/
margaux_blythe,https://www.tiktok.com/@margaux_blythe/
aurorashel,https://www.tiktok.com/@aurorashel/
clarissehoon,https://www.tiktok.com/@clarissehoon/
ugcwithhadeer,https://www.tiktok.com/@ugcwithhadeer/
ugcwithjessicaa,https://www.tiktok.com/@ugcwithjessicaa/
stela_remi,https://www.tiktok.com/@stela_remi/
socialsofamelia,https://www.tiktok.com/@socialsofamelia/
alight.visual,https://www.tiktok.com/@alight.visual/
dianaugc_xo,https://www.tiktok.com/@dianaugc_xo/
ab.crative.vision,https://www.tiktok.com/@ab.crative.vision/
ugcwithmaddyt,https://www.tiktok.com/@ugcwithmaddyt/
hellojunne,https://www.tiktok.com/@hellojunne/
noamugc,https://www.tiktok.com/@noamugc/
ugcwithmalak,https://www.tiktok.com/@ugcwithmalak/
rach.creates.ugc,https://www.tiktok.com/@rach.creates.ugc/
shezugc,https://www.tiktok.com/@shezugc/
contentbyhann,https://www.tiktok.com/@contentbyhann/
manon.msy,https://www.tiktok.com/@manon.msy/
jgracecreates,https://www.tiktok.com/@jgracecreates/
jumiverse,https://www.tiktok.com/@jumiverse/
contentwithgloreah,https://www.tiktok.com/@contentwithgloreah/
ugcwithcassidy,https://www.tiktok.com/@ugcwithcassidy/
itsmandeepshoker,https://www.tiktok.com/@itsmandeepshoker/
ruslana_ugc,https://www.tiktok.com/@ruslana_ugc/
lov0is,https://www.tiktok.com/@lov0is/
grace_ugccreator,https://www.tiktok.com/@grace_ugccreator/
cherry.ugc1,https://www.tiktok.com/@cherry.ugc1/
lacomwithaurore,https://www.tiktok.com/@lacomwithaurore/
bitesized.social,https://www.tiktok.com/@bitesized.social/
rubyroseugc,https://www.tiktok.com/@rubyroseugc/
ugcjeewel,https://www.tiktok.com/@ugcjeewel/
makeupbyleeamarie,https://www.tiktok.com/@makeupbyleeamarie/
meerabsmedia_,https://www.tiktok.com/@meerabsmedia_/
mylittleseoul,https://www.tiktok.com/@mylittleseoul/
kezzugc,https://www.tiktok.com/@kezzugc/
souanafernnandes,https://www.tiktok.com/@souanafernnandes/
edwina.ugc,https://www.tiktok.com/@edwina.ugc/
sushmitagabriel,https://www.tiktok.com/@sushmitagabriel/
fa6om_y,https://www.tiktok.com/@fa6om_y/
llrall96,https://www.tiktok.com/@llrall96/
nabihahismail_,https://www.tiktok.com/@nabihahismail_/
mina.xr1,https://www.tiktok.com/@mina.xr1/
shin.ugc,https://www.tiktok.com/@shin.ugc/
monicadelatorreugc,https://www.tiktok.com/@monicadelatorreugc/
raizzaugc,https://www.tiktok.com/@raizzaugc/
byrafaelachagas,https://www.tiktok.com/@byrafaelachagas/
ugc_withjc,https://www.tiktok.com/@ugc_withjc/
ikramugc,https://www.tiktok.com/@ikramugc/
karimradwan__,https://www.tiktok.com/@karimradwan__/
oksy.ugc,https://www.tiktok.com/@oksy.ugc/
regina_ugc_,https://www.tiktok.com/@regina_ugc_/
imperfectpiqa2,https://www.tiktok.com/@imperfectpiqa2/
curatedbyange,https://www.tiktok.com/@curatedbyange/
daniqueb.ugc,https://www.tiktok.com/@daniqueb.ugc/
ugcwithalaa,https://www.tiktok.com/@ugcwithalaa/
l3xiugc,https://www.tiktok.com/@l3xiugc/
socialhourmarketing,https://www.tiktok.com/@socialhourmarketing/
sociallymel,https://www.tiktok.com/@sociallymel/
kapowugc,https://www.tiktok.com/@kapowugc/
ugc_bysabi,https://www.tiktok.com/@ugc_bysabi/
ugclauralaura,https://www.tiktok.com/@ugclauralaura/
genenavarreteugc,https://www.tiktok.com/@genenavarreteugc/
paulaalguerougc,https://www.tiktok.com/@paulaalguerougc/
allycowanmarketing,https://www.tiktok.com/@allycowanmarketing/
nessvsreviews,https://www.tiktok.com/@nessvsreviews/
nnastya_mars7,https://www.tiktok.com/@nnastya_mars7/
sihamugc.creator1,https://www.tiktok.com/@sihamugc.creator1/
mamamochi12,https://www.tiktok.com/@mamamochi12/
ghadir.ugc,https://www.tiktok.com/@ghadir.ugc/
behappp,https://www.tiktok.com/@behappp/
yuldayugc,https://www.tiktok.com/@yuldayugc/
yuliya.in.states,https://www.tiktok.com/@yuliya.in.states/
enleira,https://www.tiktok.com/@enleira/
develop_network,https://www.tiktok.com/@develop_network/
lozzathecreator,https://www.tiktok.com/@lozzathecreator/
rayssabarroz,https://www.tiktok.com/@rayssabarroz/
charlotte.ugc,https://www.tiktok.com/@charlotte.ugc/
americagonzlz,https://www.tiktok.com/@americagonzlz/
angiemakesugc,https://www.tiktok.com/@angiemakesugc/
alyssarasull,https://www.tiktok.com/@alyssarasull/
by.haniii,https://www.tiktok.com/@by.haniii/
katerynagranenko,https://www.tiktok.com/@katerynagranenko/
lils.creatives,https://www.tiktok.com/@lils.creatives/
byjulialauren,https://www.tiktok.com/@byjulialauren/
ugctia,https://www.tiktok.com/@ugctia/
swolsey,https://www.tiktok.com/@swolsey/
hayladahlia,https://www.tiktok.com/@hayladahlia/
llaurakam,https://www.tiktok.com/@llaurakam/
khessiab_,https://www.tiktok.com/@khessiab_/
valeryborisova_ugc,https://www.tiktok.com/@valeryborisova_ugc/
sloanekellycontent,https://www.tiktok.com/@sloanekellycontent/
icastar_ugc,https://www.tiktok.com/@icastar_ugc/
itskormenia,https://www.tiktok.com/@itskormenia/
ugc_visuals,https://www.tiktok.com/@ugc_visuals/
listerlifestylesocials,https://www.tiktok.com/@listerlifestylesocials/
nickeyugc,https://www.tiktok.com/@nickeyugc/
deepika.jaskirat,https://www.tiktok.com/@deepika.jaskirat/
ugc.withjess,https://www.tiktok.com/@ugc.withjess/
dejdoesugc,https://www.tiktok.com/@dejdoesugc/
khadijaxugc,https://www.tiktok.com/@khadijaxugc/
marwa_ugc36,https://www.tiktok.com/@marwa_ugc36/
adeola_ugc,https://www.tiktok.com/@adeola_ugc/
